698 9th Avenue,10036
696 9th Avenue,10036
694 9th Avenue,10036
692 9th Avenue,10036
426 West 47th Street,10036
428 West 47th Street,10036
432 West 47th Street,10036
434 West 47th Street,10036
436 West 47th Street,10036
438 West 47th Street,10036
440 West 47th Street,10036
450 West 47th Street,10036
452 West 47th Street,10036
454 West 47th Street,10036
456 West 47th Street,10036
463 West 47th Street,10036
459 West 47th Street,10036
455 West 47th Street,10036
453 West 47th Street,10036
449 West 47th Street,10036
447 West 47th Street,10036
439 West 47th Street,10036
691 9th Avenue,10036
693 9th Avenue,10036
695 9th Avenue,10036
404 West 48th Street,10036
406 West 48th Street,10036
408 West 48th Street,10036
410 West 48th Street,10036
426 West 48th Street,10036
444 West 48th Street,10036
461 West 47th Street,10036
451 West 47th Street,10036
414 West 48th Street,10036
686 10th Avenue,10019
688 10th Avenue,10019
690 10th Avenue,10019
692 10th Avenue,10019
451 West 48th Street,10036
449 West 48th Street,10036
447 West 48th Street,10036
445 West 48th Street,10036
443 West 48th Street,10036
441 West 48th Street,10036
439 West 48th Street,10036
437 West 48th Street,10036
431 West 48th Street,10036
425 West 48th Street,10036
419 West 48th Street,10036
417 West 48th Street,10036
415 West 48th Street,10036
413 West 48th Street,10036
411 West 48th Street,10036
409 West 48th Street,10036
405 West 48th Street,10036
403 West 48th Street,10036
700 10th Avenue,10019
698 10th Avenue,10019
696 10th Avenue,10019
694 10th Avenue,10019
453 West 48th Street,10036
435 West 48th Street,10036
433 West 48th Street,10036
714 10th Avenue,10019
716 10th Avenue,10019
720 10th Avenue,10019
722 10th Avenue,10019
442 West 50th Street,10019
446 West 50th Street,10019
448 West 50th Street,10019
450 West 50th Street,10019
452 West 50th Street,10019
454 West 50th Street,10019
732 10th Avenue,10019
730 10th Avenue,10019
726 10th Avenue,10019
718 10th Avenue,10019
456 West 50th Street,10019
458 West 50th Street,10019
728 10th Avenue,10019
734 10th Avenue,10019
736 10th Avenue,10019
738 10th Avenue,10019
740 10th Avenue,10019
453 West 50th Street,10019
451 West 50th Street,10019
447 West 50th Street,10019
445 West 50th Street,10019
443 West 50th Street,10019
441 West 50th Street,10019
439 West 50th Street,10019
746 10th Avenue,10019
457 West 50th Street,10019
750 10th Avenue,10019
754 10th Avenue,10019
756 10th Avenue,10019
764 10th Avenue,10019
762 10th Avenue,10019
760 10th Avenue,10019
758 10th Avenue,10019
520 West 47th Street,10036
522 West 47th Street,10036
524 West 47th Street,10036
526 West 47th Street,10036
528 West 47th Street,10036
530 West 47th Street,10036
534 West 47th Street,10036
536 West 47th Street,10036
538 West 47th Street,10036
540 West 47th Street,10036
502 West 47th Street,10036
525 West 47th Street,10036
521 West 47th Street,10036
515 West 47th Street,10036
503 West 47th Street,10036
689 10th Avenue,10036
691 10th Avenue,10036
693 10th Avenue,10036
695 10th Avenue,10036
697 10th Avenue,10036
699 10th Avenue,10036
701 10th Avenue,10036
703 10th Avenue,10036
544 West 49th Street,10019
541 West 49th Street,10019
537 West 49th Street,10019
535 West 49th Street,10019
533 West 49th Street,10019
531 West 49th Street,10019
525 West 49th Street,10019
523 West 49th Street,10019
539 West 49th Street,10019
737 10th Avenue,10019
501 West 51st Street,10019
755 10th Avenue,10019
